{"cameraMode":{"drawMode":0,"name":"Shaded","section":"Shading Mode"},"sceneLighting":true,"audioPlay":false,"sceneViewState":{"m_AlwaysRefresh":false,"showFog":true,"showSkybox":true,"showFlares":true,"showImageEffects":true,"showParticleSystems":true,"showVisualEffectGraphs":true,"m_FxEnabled":true},"in2DMode":false,"pivot":{"x":563.5502319335938,"y":258.6676025390625,"z":-1.7423095703125},"rotation":{"x":0.053663697093725207,"y":-0.003896583802998066,"z":-0.00020927189325448126,"w":-0.9985458254814148},"size":252.98794555664063,"orthographic":false}